url,name,description,adaptive_support,duration,remote_support,test_type
https://www.shl.com/products/product-catalog/view/account-manager-solution/,Account Manager Solution,SHL Individual Assessment: Account Manager Solution,No,15,Yes,Knowledge & Skills
https://www.shl.com/products/product-catalog/view/administrative-professional-short-form/,Administrative Professional - Short Form,SHL Individual Assessment: Administrative Professional - Short Form,No,15,Yes,Personality & Behaviour
https://www.shl.com/products/product-catalog/view/agency-manager-solution/,Agency Manager Solution,SHL Individual Assessment: Agency Manager Solution,No,15,Yes,Knowledge & Skills
https://www.shl.com/products/product-catalog/view/apprentice-8-0-job-focused-assessment-4261/,Apprentice + 8.0 Job Focused Assessment,SHL Individual Assessment: Apprentice + 8.0 Job Focused Assessment,No,15,Yes,Knowledge & Skills
https://www.shl.com/products/product-catalog/view/apprentice-8-0-job-focused-assessment/,Apprentice 8.0 Job Focused Assessment,SHL Individual Assessment: Apprentice 8.0 Job Focused Assessment,No,15,Yes,Knowledge & Skills
https://www.shl.com/products/product-catalog/view/bank-administrative-assistant-short-form/,Bank Administrative Assistant - Short Form,SHL Individual Assessment: Bank Administrative Assistant - Short Form,No,15,Yes,Knowledge & Skills
https://www.shl.com/products/product-catalog/view/bank-collections-agent-short-form/,Bank Collections Agent - Short Form,SHL Individual Assessment: Bank Collections Agent - Short Form,No,15,Yes,Knowledge & Skills
https://www.shl.com/products/product-catalog/view/bank-operations-supervisor-short-form/,Bank Operations Supervisor - Short Form,SHL Individual Assessment: Bank Operations Supervisor - Short Form,No,15,Yes,Knowledge & Skills
https://www.shl.com/products/product-catalog/view/bilingual-spanish-reservation-agent-solution/,Bilingual Spanish Reservation Agent Solution,SHL Individual Assessment: Bilingual Spanish Reservation Agent Solution,No,15,Yes,Knowledge & Skills
https://www.shl.com/products/product-catalog/view/bookkeeping-accounting-auditing-clerk-short-form/,"Bookkeeping, Accounting, Auditing Clerk Short Form","SHL Individual Assessment: Bookkeeping, Accounting, Auditing Clerk Short Form",No,15,Yes,Knowledge & Skills
https://www.shl.com/products/product-catalog/view/branch-manager-short-form/,Branch Manager - Short Form,SHL Individual Assessment: Branch Manager - Short Form,No,15,Yes,Knowledge & Skills
https://www.shl.com/products/product-catalog/view/cashier-solution/,Cashier Solution,SHL Individual Assessment: Cashier Solution,No,15,Yes,Knowledge & Skills
https://www.shl.com/products/product-catalog/view/global-skills-development-report/,Global Skills Development Report,SHL Individual Assessment: Global Skills Development Report,No,15,Yes,Knowledge & Skills
https://www.shl.com/products/product-catalog/view/net-framework-4-5/,.NET Framework 4.5,SHL Individual Assessment: .NET Framework 4.5,No,15,Yes,Knowledge & Skills
https://www.shl.com/products/product-catalog/view/net-mvc-new/,.NET MVC (New),SHL Individual Assessment: .NET MVC (New),No,15,Yes,Knowledge & Skills
https://www.shl.com/products/product-catalog/view/net-mvvm-new/,.NET MVVM (New),SHL Individual Assessment: .NET MVVM (New),No,15,Yes,Knowledge & Skills
https://www.shl.com/products/product-catalog/view/net-wcf-new/,.NET WCF (New),SHL Individual Assessment: .NET WCF (New),No,15,Yes,Knowledge & Skills
https://www.shl.com/products/product-catalog/view/net-wpf-new/,.NET WPF (New),SHL Individual Assessment: .NET WPF (New),No,15,Yes,Knowledge & Skills
https://www.shl.com/products/product-catalog/view/net-xaml-new/,.NET XAML (New),SHL Individual Assessment: .NET XAML (New),No,15,Yes,Knowledge & Skills
https://www.shl.com/products/product-catalog/view/accounts-payable-new/,Accounts Payable (New),SHL Individual Assessment: Accounts Payable (New),No,15,Yes,Knowledge & Skills
https://www.shl.com/products/product-catalog/view/accounts-payable-simulation-new/,Accounts Payable Simulation (New),SHL Individual Assessment: Accounts Payable Simulation (New),No,15,Yes,Knowledge & Skills
https://www.shl.com/products/product-catalog/view/accounts-receivable-new/,Accounts Receivable (New),SHL Individual Assessment: Accounts Receivable (New),No,15,Yes,Knowledge & Skills
https://www.shl.com/products/product-catalog/view/accounts-receivable-simulation-new/,Accounts Receivable Simulation (New),SHL Individual Assessment: Accounts Receivable Simulation (New),No,15,Yes,Knowledge & Skills
https://www.shl.com/products/product-catalog/view/ado-net-new/,ADO.NET (New),SHL Individual Assessment: ADO.NET (New),No,15,Yes,Knowledge & Skills
https://www.shl.com/products/product-catalog/view/adobe-experience-manager-new/,Adobe Experience Manager (New),SHL Individual Assessment: Adobe Experience Manager (New),No,15,Yes,Knowledge & Skills
https://www.shl.com/products/product-catalog/view/adobe-photoshop-cc/,Adobe Photoshop CC,SHL Individual Assessment: Adobe Photoshop CC,No,15,Yes,Knowledge & Skills
https://www.shl.com/products/product-catalog/view/aeronautical-engineering-new/,Aeronautical Engineering (New),SHL Individual Assessment: Aeronautical Engineering (New),No,15,Yes,Knowledge & Skills
https://www.shl.com/products/product-catalog/view/aerospace-engineering-new/,Aerospace Engineering (New),SHL Individual Assessment: Aerospace Engineering (New),No,15,Yes,Knowledge & Skills
https://www.shl.com/products/product-catalog/view/agile-software-development/,Agile Software Development,SHL Individual Assessment: Agile Software Development,No,15,Yes,Knowledge & Skills
https://www.shl.com/products/product-catalog/view/agile-testing-new/,Agile Testing (New),SHL Individual Assessment: Agile Testing (New),No,15,Yes,Knowledge & Skills
https://www.shl.com/products/product-catalog/view/ai-skills/,AI Skills,SHL Individual Assessment: AI Skills,No,15,Yes,Knowledge & Skills
https://www.shl.com/products/product-catalog/view/amazon-web-services-aws-development-new/,Amazon Web Services (AWS) Development (New),SHL Individual Assessment: Amazon Web Services (AWS) Development (New),No,15,Yes,Knowledge & Skills
https://www.shl.com/products/product-catalog/view/android-development-new/,Android Development (New),SHL Individual Assessment: Android Development (New),No,15,Yes,Knowledge & Skills
https://www.shl.com/products/product-catalog/view/angular-6-new/,Angular 6 (New),SHL Individual Assessment: Angular 6 (New),No,15,Yes,Knowledge & Skills
https://www.shl.com/products/product-catalog/view/angularjs-new/,AngularJS (New),SHL Individual Assessment: AngularJS (New),No,15,Yes,Knowledge & Skills
https://www.shl.com/products/product-catalog/view/apache-hadoop-new/,Apache Hadoop (New),SHL Individual Assessment: Apache Hadoop (New),No,15,Yes,Knowledge & Skills
https://www.shl.com/products/product-catalog/view/apache-hadoop-extensions-new/,Apache Hadoop Extensions (New),SHL Individual Assessment: Apache Hadoop Extensions (New),No,15,Yes,Knowledge & Skills
https://www.shl.com/products/product-catalog/view/apache-hbase-new/,Apache HBase (New),SHL Individual Assessment: Apache HBase (New),No,15,Yes,Knowledge & Skills
https://www.shl.com/products/product-catalog/view/apache-hive-new/,Apache Hive (New),SHL Individual Assessment: Apache Hive (New),No,15,Yes,Knowledge & Skills
https://www.shl.com/products/product-catalog/view/apache-kafka-new/,Apache Kafka (New),SHL Individual Assessment: Apache Kafka (New),No,15,Yes,Knowledge & Skills
https://www.shl.com/products/product-catalog/view/apache-pig-new/,Apache Pig (New),SHL Individual Assessment: Apache Pig (New),No,15,Yes,Knowledge & Skills
https://www.shl.com/products/product-catalog/view/apache-spark-new/,Apache Spark (New),SHL Individual Assessment: Apache Spark (New),No,15,Yes,Knowledge & Skills
https://www.shl.com/products/product-catalog/view/asp-net-with-c-new/,ASP .NET with C# (New),SHL Individual Assessment: ASP .NET with C# (New),No,15,Yes,Knowledge & Skills
https://www.shl.com/products/product-catalog/view/asp-net-4-5/,ASP.NET 4.5,SHL Individual Assessment: ASP.NET 4.5,No,15,Yes,Knowledge & Skills
https://www.shl.com/products/product-catalog/view/assessment-and-development-center-exercises/,Assessment and Development Center Exercises,SHL Individual Assessment: Assessment and Development Center Exercises,No,15,Yes,Knowledge & Skills
https://www.shl.com/products/product-catalog/view/automata-fix-new/,Automata - Fix (New),SHL Individual Assessment: Automata - Fix (New),No,15,Yes,Knowledge & Skills
https://www.shl.com/products/product-catalog/view/automata-sql-new/,Automata - SQL (New),SHL Individual Assessment: Automata - SQL (New),No,15,Yes,Knowledge & Skills
https://www.shl.com/products/product-catalog/view/automata-new/,Automata (New),SHL Individual Assessment: Automata (New),No,15,Yes,Knowledge & Skills
https://www.shl.com/products/product-catalog/view/automata-data-science-new/,Automata Data Science (New),SHL Individual Assessment: Automata Data Science (New),No,15,Yes,Knowledge & Skills
https://www.shl.com/products/product-catalog/view/automata-data-science-pro-new/,Automata Data Science Pro (New),SHL Individual Assessment: Automata Data Science Pro (New),No,15,Yes,Knowledge & Skills
https://www.shl.com/products/product-catalog/view/automata-front-end/,Automata Front End,SHL Individual Assessment: Automata Front End,No,15,Yes,Knowledge & Skills
https://www.shl.com/products/product-catalog/view/automata-pro-new/,Automata Pro (New),SHL Individual Assessment: Automata Pro (New),No,15,Yes,Knowledge & Skills
https://www.shl.com/products/product-catalog/view/automata-selenium/,Automata Selenium,SHL Individual Assessment: Automata Selenium,No,15,Yes,Knowledge & Skills
https://www.shl.com/products/product-catalog/view/automation-anywhere-rpa-development-new/,Automation Anywhere RPA Development (New),SHL Individual Assessment: Automation Anywhere RPA Development (New),No,15,Yes,Knowledge & Skills
https://www.shl.com/products/product-catalog/view/automotive-engineering-new/,Automotive Engineering (New),SHL Individual Assessment: Automotive Engineering (New),No,15,Yes,Knowledge & Skills
https://www.shl.com/products/product-catalog/view/basic-biology-new/,Basic Biology (New),SHL Individual Assessment: Basic Biology (New),No,15,Yes,Knowledge & Skills
https://www.shl.com/products/product-catalog/view/basic-computer-literacy-windows-10-new/,Basic Computer Literacy (Windows 10) (New),SHL Individual Assessment: Basic Computer Literacy (Windows 10) (New),No,15,Yes,Knowledge & Skills
https://www.shl.com/products/product-catalog/view/basic-statistics-new/,Basic Statistics (New),SHL Individual Assessment: Basic Statistics (New),No,15,Yes,Knowledge & Skills
https://www.shl.com/products/product-catalog/view/biochemistry-new/,Biochemistry (New),SHL Individual Assessment: Biochemistry (New),No,15,Yes,Knowledge & Skills
https://www.shl.com/products/product-catalog/view/biotech-lab-techniques-new/,Biotech Lab Techniques (New),SHL Individual Assessment: Biotech Lab Techniques (New),No,15,Yes,Knowledge & Skills
https://www.shl.com/products/product-catalog/view/biztalk-new/,BizTalk (New),SHL Individual Assessment: BizTalk (New),No,15,Yes,Knowledge & Skills
https://www.shl.com/products/product-catalog/view/business-communication-adaptive/,Business Communication (adaptive),SHL Individual Assessment: Business Communication (adaptive),No,15,Yes,Knowledge & Skills
https://www.shl.com/products/product-catalog/view/business-communications/,Business Communications,SHL Individual Assessment: Business Communications,No,15,Yes,Knowledge & Skills
https://www.shl.com/products/product-catalog/view/c-programming-new/,C Programming (New),SHL Individual Assessment: C Programming (New),No,15,Yes,Knowledge & Skills
https://www.shl.com/products/product-catalog/view/c-programming-new-4039/,C# Programming (New),SHL Individual Assessment: C# Programming (New),No,15,Yes,Knowledge & Skills
https://www.shl.com/products/product-catalog/view/c-programming-new-4122/,C++ Programming (New),SHL Individual Assessment: C++ Programming (New),No,15,Yes,Knowledge & Skills
https://www.shl.com/products/product-catalog/view/cardiology-and-diabetes-management-new/,Cardiology and Diabetes Management (New),SHL Individual Assessment: Cardiology and Diabetes Management (New),No,15,Yes,Personality & Behaviour
https://www.shl.com/products/product-catalog/view/ceramic-engineering-new/,Ceramic Engineering (New),SHL Individual Assessment: Ceramic Engineering (New),No,15,Yes,Knowledge & Skills
https://www.shl.com/products/product-catalog/view/chemical-engineering-new/,Chemical Engineering (New),SHL Individual Assessment: Chemical Engineering (New),No,15,Yes,Knowledge & Skills
https://www.shl.com/products/product-catalog/view/cisco-appdynamics-new/,Cisco AppDynamics (New),SHL Individual Assessment: Cisco AppDynamics (New),No,15,Yes,Knowledge & Skills
https://www.shl.com/products/product-catalog/view/civil-engineering-new/,Civil Engineering (New),SHL Individual Assessment: Civil Engineering (New),No,15,Yes,Knowledge & Skills
https://www.shl.com/products/product-catalog/view/cloud-computing-new/,Cloud Computing (New),SHL Individual Assessment: Cloud Computing (New),No,15,Yes,Knowledge & Skills
https://www.shl.com/products/product-catalog/view/cobol-programming-new/,COBOL Programming (New),SHL Individual Assessment: COBOL Programming (New),No,15,Yes,Knowledge & Skills
https://www.shl.com/products/product-catalog/view/computer-science-new/,Computer Science (New),SHL Individual Assessment: Computer Science (New),No,15,Yes,Knowledge & Skills
https://www.shl.com/products/product-catalog/view/contact-center-call-simulation-new/,Contact Center Call Simulation (New),SHL Individual Assessment: Contact Center Call Simulation (New),No,15,Yes,Knowledge & Skills
https://www.shl.com/products/product-catalog/view/conversational-multichat-simulation/,Conversational Multichat Simulation,SHL Individual Assessment: Conversational Multichat Simulation,No,15,Yes,Knowledge & Skills
https://www.shl.com/products/product-catalog/view/core-java-advanced-level-new/,Core Java (Advanced Level) (New),SHL Individual Assessment: Core Java (Advanced Level) (New),No,15,Yes,Knowledge & Skills
https://www.shl.com/products/product-catalog/view/core-java-entry-level-new/,Core Java (Entry Level) (New),SHL Individual Assessment: Core Java (Entry Level) (New),No,15,Yes,Knowledge & Skills
https://www.shl.com/products/product-catalog/view/count-out-the-money/,Count Out The Money,SHL Individual Assessment: Count Out The Money,No,15,Yes,Knowledge & Skills
https://www.shl.com/products/product-catalog/view/css3-new/,CSS3 (New),SHL Individual Assessment: CSS3 (New),No,15,Yes,Knowledge & Skills
https://www.shl.com/products/product-catalog/view/culinary-skills-new/,Culinary Skills (New),SHL Individual Assessment: Culinary Skills (New),No,15,Yes,Knowledge & Skills
https://www.shl.com/products/product-catalog/view/customer-service-phone-simulation/,Customer Service Phone Simulation,SHL Individual Assessment: Customer Service Phone Simulation,No,15,Yes,Personality & Behaviour
https://www.shl.com/products/product-catalog/view/customer-service-phone-solution/,Customer Service Phone Solution,SHL Individual Assessment: Customer Service Phone Solution,No,15,Yes,Personality & Behaviour
https://www.shl.com/products/product-catalog/view/cyber-risk-new/,Cyber Risk (New),SHL Individual Assessment: Cyber Risk (New),No,15,Yes,Knowledge & Skills
https://www.shl.com/products/product-catalog/view/data-entry-new/,Data Entry (New),SHL Individual Assessment: Data Entry (New),No,15,Yes,Knowledge & Skills
https://www.shl.com/products/product-catalog/view/data-entry-alphanumeric-split-screen-us/,Data Entry Alphanumeric Split Screen - US,SHL Individual Assessment: Data Entry Alphanumeric Split Screen - US,No,15,Yes,Knowledge & Skills
https://www.shl.com/products/product-catalog/view/data-entry-numeric-split-screen-us/,Data Entry Numeric Split Screen - US,SHL Individual Assessment: Data Entry Numeric Split Screen - US,No,15,Yes,Knowledge & Skills
https://www.shl.com/products/product-catalog/view/data-entry-ten-key-split-screen/,Data Entry Ten Key Split Screen,SHL Individual Assessment: Data Entry Ten Key Split Screen,No,15,Yes,Knowledge & Skills
https://www.shl.com/products/product-catalog/view/data-science-new/,Data Science (New),SHL Individual Assessment: Data Science (New),No,15,Yes,Knowledge & Skills
https://www.shl.com/products/product-catalog/view/data-warehousing-concepts/,Data Warehousing Concepts,SHL Individual Assessment: Data Warehousing Concepts,No,15,Yes,Knowledge & Skills
https://www.shl.com/products/product-catalog/view/dependability-and-safety-instrument-dsi/,Dependability and Safety Instrument (DSI),SHL Individual Assessment: Dependability and Safety Instrument (DSI),No,15,Yes,Personality & Behaviour
https://www.shl.com/products/product-catalog/view/dermatology-new/,Dermatology (New),SHL Individual Assessment: Dermatology (New),No,15,Yes,Knowledge & Skills
https://www.shl.com/products/product-catalog/view/desktop-support-new/,Desktop Support (New),SHL Individual Assessment: Desktop Support (New),No,15,Yes,Knowledge & Skills
https://www.shl.com/products/product-catalog/view/digital-advertising-new/,Digital Advertising (New),SHL Individual Assessment: Digital Advertising (New),No,15,Yes,Knowledge & Skills
https://www.shl.com/products/product-catalog/view/digital-readiness-development-report/,Digital Readiness Development Report - IC,SHL Individual Assessment: Digital Readiness Development Report - IC,No,15,Yes,Knowledge & Skills
https://www.shl.com/products/product-catalog/view/digital-readiness-development-report-manager/,Digital Readiness Development Report - Manager,SHL Individual Assessment: Digital Readiness Development Report - Manager,No,15,Yes,Knowledge & Skills
https://www.shl.com/products/product-catalog/view/docker-new/,Docker (New),SHL Individual Assessment: Docker (New),No,15,Yes,Knowledge & Skills
https://www.shl.com/products/product-catalog/view/dojo-new/,Dojo (New),SHL Individual Assessment: Dojo (New),No,15,Yes,Knowledge & Skills
https://www.shl.com/products/product-catalog/view/drupal-new/,Drupal (New),SHL Individual Assessment: Drupal (New),No,15,Yes,Knowledge & Skills
https://www.shl.com/products/product-catalog/view/dsi-v1-1-interpretation-report/,DSI v1.1 Interpretation Report,SHL Individual Assessment: DSI v1.1 Interpretation Report,No,15,Yes,Knowledge & Skills
https://www.shl.com/products/product-catalog/view/econometrics-new/,Econometrics (New),SHL Individual Assessment: Econometrics (New),No,15,Yes,Knowledge & Skills
https://www.shl.com/products/product-catalog/view/economics-new/,Economics (New),SHL Individual Assessment: Economics (New),No,15,Yes,Knowledge & Skills
https://www.shl.com/products/product-catalog/view/electrical-and-electronics-engineering-new/,Electrical and Electronics Engineering (New),SHL Individual Assessment: Electrical and Electronics Engineering (New),No,15,Yes,Knowledge & Skills
https://www.shl.com/products/product-catalog/view/electrical-engineering-new/,Electrical Engineering (New),SHL Individual Assessment: Electrical Engineering (New),No,15,Yes,Knowledge & Skills
https://www.shl.com/products/product-catalog/view/electronics-and-telecommunications-engineering-new/,Electronics & Telecommunications Engineering (New),SHL Individual Assessment: Electronics & Telecommunications Engineering (New),No,15,Yes,Knowledge & Skills
https://www.shl.com/products/product-catalog/view/electronics-and-embedded-systems-engineering-new/,Electronics and Embedded Systems Engineering (New),SHL Individual Assessment: Electronics and Embedded Systems Engineering (New),No,15,Yes,Knowledge & Skills
https://www.shl.com/products/product-catalog/view/electronics-and-semiconductor-engineering-new/,Electronics and Semiconductor Engineering (New),SHL Individual Assessment: Electronics and Semiconductor Engineering (New),No,15,Yes,Knowledge & Skills
https://www.shl.com/products/product-catalog/view/english-comprehension-new/,English Comprehension (New),SHL Individual Assessment: English Comprehension (New),No,15,Yes,Knowledge & Skills
https://www.shl.com/products/product-catalog/view/enterprise-java-beans-new/,Enterprise Java Beans (New),SHL Individual Assessment: Enterprise Java Beans (New),No,15,Yes,Knowledge & Skills
https://www.shl.com/products/product-catalog/view/enterprise-leadership-report/,Enterprise Leadership Report 1.0,SHL Individual Assessment: Enterprise Leadership Report 1.0,No,15,Yes,Personality & Behaviour
https://www.shl.com/products/product-catalog/view/enterprise-leadership-report-2-0/,Enterprise Leadership Report 2.0,SHL Individual Assessment: Enterprise Leadership Report 2.0,No,15,Yes,Personality & Behaviour
https://www.shl.com/products/product-catalog/view/entry-level-cashier-solution/,Entry Level Cashier Solution,SHL Individual Assessment: Entry Level Cashier Solution,No,15,Yes,Knowledge & Skills
https://www.shl.com/products/product-catalog/view/entry-level-customer-serv-retail-and-contact-center/,Entry Level Customer Serv-Retail & Contact Center,SHL Individual Assessment: Entry Level Customer Serv-Retail & Contact Center,No,15,Yes,Knowledge & Skills
https://www.shl.com/products/product-catalog/view/entry-level-customer-service-general-solution/,Entry Level Customer Service (General) Solution,SHL Individual Assessment: Entry Level Customer Service (General) Solution,No,15,Yes,Personality & Behaviour
https://www.shl.com/products/product-catalog/view/entry-level-hotel-front-desk-solution/,Entry Level Hotel Front Desk Solution,SHL Individual Assessment: Entry Level Hotel Front Desk Solution,No,15,Yes,Knowledge & Skills
https://www.shl.com/products/product-catalog/view/entry-level-sales-solution/,Entry Level Sales Solution,SHL Individual Assessment: Entry Level Sales Solution,No,15,Yes,Personality & Behaviour
https://www.shl.com/products/product-catalog/view/entry-level-technical-support-solution/,Entry Level Technical Support Solution,SHL Individual Assessment: Entry Level Technical Support Solution,No,15,Yes,Knowledge & Skills
https://www.shl.com/products/product-catalog/view/etl-testing-new/,ETL Testing (New),SHL Individual Assessment: ETL Testing (New),No,15,Yes,Knowledge & Skills
https://www.shl.com/products/product-catalog/view/executive-scenarios/,Executive Scenarios,SHL Individual Assessment: Executive Scenarios,No,15,Yes,Personality & Behaviour
https://www.shl.com/products/product-catalog/view/executive-scenarios-narrative-report/,Executive Scenarios Narrative Report,SHL Individual Assessment: Executive Scenarios Narrative Report,No,15,Yes,Personality & Behaviour
https://www.shl.com/products/product-catalog/view/executive-scenarios-profile-report/,Executive Scenarios Profile Report,SHL Individual Assessment: Executive Scenarios Profile Report,No,15,Yes,Personality & Behaviour
https://www.shl.com/products/product-catalog/view/expressjs-new/,ExpressJS (New),SHL Individual Assessment: ExpressJS (New),No,15,Yes,Knowledge & Skills
https://www.shl.com/products/product-catalog/view/filing-names-r1/,Filing - Names (R1),SHL Individual Assessment: Filing - Names (R1),No,15,Yes,Knowledge & Skills
https://www.shl.com/products/product-catalog/view/filing-numbers/,Filing - Numbers,SHL Individual Assessment: Filing - Numbers,No,15,Yes,Knowledge & Skills
https://www.shl.com/products/product-catalog/view/financial-accounting-new/,Financial Accounting (New),SHL Individual Assessment: Financial Accounting (New),No,15,Yes,Knowledge & Skills
https://www.shl.com/products/product-catalog/view/financial-and-banking-services-new/,Financial and Banking Services (New),SHL Individual Assessment: Financial and Banking Services (New),No,15,Yes,Knowledge & Skills
https://www.shl.com/products/product-catalog/view/fire-engineering-new/,Fire Engineering (New),SHL Individual Assessment: Fire Engineering (New),No,15,Yes,Knowledge & Skills
https://www.shl.com/products/product-catalog/view/following-instructions-v1-uk-r1/,Following Instructions v1 - UK (R1),SHL Individual Assessment: Following Instructions v1 - UK (R1),No,15,Yes,Knowledge & Skills
https://www.shl.com/products/product-catalog/view/following-instructions-v1-us-r2/,Following Instructions v1 - US (R2),SHL Individual Assessment: Following Instructions v1 - US (R2),No,15,Yes,Knowledge & Skills
https://www.shl.com/products/product-catalog/view/food-and-beverage-services-new/,Food and Beverage Services (New),SHL Individual Assessment: Food and Beverage Services (New),No,15,Yes,Knowledge & Skills
https://www.shl.com/products/product-catalog/view/food-science-new/,Food Science (New),SHL Individual Assessment: Food Science (New),No,15,Yes,Knowledge & Skills
https://www.shl.com/products/product-catalog/view/front-office-management-new/,Front Office Management (New),SHL Individual Assessment: Front Office Management (New),No,15,Yes,Personality & Behaviour
https://www.shl.com/products/product-catalog/view/fundamentals-of-chemistry-new/,Fundamentals of Chemistry (New),SHL Individual Assessment: Fundamentals of Chemistry (New),No,15,Yes,Knowledge & Skills
https://www.shl.com/products/product-catalog/view/fundamentals-of-physics-new/,Fundamentals of Physics (New),SHL Individual Assessment: Fundamentals of Physics (New),No,15,Yes,Knowledge & Skills
https://www.shl.com/products/product-catalog/view/general-diseases-new/,General Diseases (New),SHL Individual Assessment: General Diseases (New),No,15,Yes,Knowledge & Skills
https://www.shl.com/products/product-catalog/view/geoinformatics-engineering-new/,Geoinformatics Engineering (New),SHL Individual Assessment: Geoinformatics Engineering (New),No,15,Yes,Knowledge & Skills
https://www.shl.com/products/product-catalog/view/geoscience-engineering-new/,Geoscience Engineering (New),SHL Individual Assessment: Geoscience Engineering (New),No,15,Yes,Knowledge & Skills
https://www.shl.com/products/product-catalog/view/git-new/,GIT (New),SHL Individual Assessment: GIT (New),No,15,Yes,Knowledge & Skills
https://www.shl.com/products/product-catalog/view/global-skills-assessment/,Global Skills Assessment,SHL Individual Assessment: Global Skills Assessment,No,15,Yes,Knowledge & Skills
https://www.shl.com/products/product-catalog/view/graduate-scenarios/,Graduate Scenarios,SHL Individual Assessment: Graduate Scenarios,No,15,Yes,Personality & Behaviour
https://www.shl.com/products/product-catalog/view/graduate-scenarios-narrative-report/,Graduate Scenarios Narrative Report,SHL Individual Assessment: Graduate Scenarios Narrative Report,No,15,Yes,Personality & Behaviour
https://www.shl.com/products/product-catalog/view/graduate-scenarios-profile-report/,Graduate Scenarios Profile Report,SHL Individual Assessment: Graduate Scenarios Profile Report,No,15,Yes,Personality & Behaviour
https://www.shl.com/products/product-catalog/view/hibernate-new/,Hibernate (New),SHL Individual Assessment: Hibernate (New),No,15,Yes,Knowledge & Skills
https://www.shl.com/products/product-catalog/view/hipaa-security/,HIPAA (Security),SHL Individual Assessment: HIPAA (Security),No,15,Yes,Knowledge & Skills
https://www.shl.com/products/product-catalog/view/hipo-assessment-report-1-0/,HiPo Assessment Report 1.0,SHL Individual Assessment: HiPo Assessment Report 1.0,No,15,Yes,Knowledge & Skills
https://www.shl.com/products/product-catalog/view/hipo-assessment-report-2-0/,HiPo Assessment Report 2.0,SHL Individual Assessment: HiPo Assessment Report 2.0,No,15,Yes,Knowledge & Skills
https://www.shl.com/products/product-catalog/view/hipo-unlocking-potential-report-2-0/,HiPo Unlocking Potential Report 2.0,SHL Individual Assessment: HiPo Unlocking Potential Report 2.0,No,15,Yes,Knowledge & Skills
https://www.shl.com/products/product-catalog/view/housekeeping-new/,Housekeeping (New),SHL Individual Assessment: Housekeeping (New),No,15,Yes,Knowledge & Skills
https://www.shl.com/products/product-catalog/view/htmlcss-new/,HTML/CSS (New),SHL Individual Assessment: HTML/CSS (New),No,15,Yes,Knowledge & Skills
https://www.shl.com/products/product-catalog/view/html5-new/,HTML5 (New),SHL Individual Assessment: HTML5 (New),No,15,Yes,Knowledge & Skills
https://www.shl.com/products/product-catalog/view/human-resources-new/,Human Resources (New),SHL Individual Assessment: Human Resources (New),No,15,Yes,Knowledge & Skills
https://www.shl.com/products/product-catalog/view/ibm-datastage-new/,IBM DataStage (New),SHL Individual Assessment: IBM DataStage (New),No,15,Yes,Knowledge & Skills
https://www.shl.com/products/product-catalog/view/ibm-sterling-order-management-system-new/,IBM Sterling Order Management System (New),SHL Individual Assessment: IBM Sterling Order Management System (New),No,15,Yes,Personality & Behaviour
https://www.shl.com/products/product-catalog/view/industrial-engineering-new/,Industrial Engineering (New),SHL Individual Assessment: Industrial Engineering (New),No,15,Yes,Knowledge & Skills
https://www.shl.com/products/product-catalog/view/informatica-architecture-new/,Informatica (Architecture) (New),SHL Individual Assessment: Informatica (Architecture) (New),No,15,Yes,Knowledge & Skills
https://www.shl.com/products/product-catalog/view/informatica-developer-new/,Informatica (Developer) (New),SHL Individual Assessment: Informatica (Developer) (New),No,15,Yes,Knowledge & Skills
https://www.shl.com/products/product-catalog/view/instrumentation-engineering-new/,Instrumentation Engineering (New),SHL Individual Assessment: Instrumentation Engineering (New),No,15,Yes,Knowledge & Skills
https://www.shl.com/products/product-catalog/view/interpersonal-communications/,Interpersonal Communications,SHL Individual Assessment: Interpersonal Communications,No,15,Yes,Knowledge & Skills
https://www.shl.com/products/product-catalog/view/interviewing-and-hiring-concepts-u-s/,Interviewing and Hiring Concepts (U.S.),SHL Individual Assessment: Interviewing and Hiring Concepts (U.S.),No,15,Yes,Knowledge & Skills
https://www.shl.com/products/product-catalog/view/ios-development-new/,iOS Development (New),SHL Individual Assessment: iOS Development (New),No,15,Yes,Knowledge & Skills
https://www.shl.com/products/product-catalog/view/itil-it-infrastructure-library-new/,ITIL (IT Infrastructure Library) (New),SHL Individual Assessment: ITIL (IT Infrastructure Library) (New),No,15,Yes,Knowledge & Skills
https://www.shl.com/products/product-catalog/view/java-2-platform-enterprise-edition-1-4-fundamental/,Java 2 Platform Enterprise Edition 1.4 Fundamental,SHL Individual Assessment: Java 2 Platform Enterprise Edition 1.4 Fundamental,No,15,Yes,Knowledge & Skills
https://www.shl.com/products/product-catalog/view/java-8-new/,Java 8 (New),SHL Individual Assessment: Java 8 (New),No,15,Yes,Knowledge & Skills
https://www.shl.com/products/product-catalog/view/java-design-patterns-new/,Java Design Patterns (New),SHL Individual Assessment: Java Design Patterns (New),No,15,Yes,Knowledge & Skills
https://www.shl.com/products/product-catalog/view/java-frameworks-new/,Java Frameworks (New),SHL Individual Assessment: Java Frameworks (New),No,15,Yes,Knowledge & Skills
https://www.shl.com/products/product-catalog/view/java-platform-enterprise-edition-7-java-ee-7/,Java Platform Enterprise Edition 7 (Java EE 7),SHL Individual Assessment: Java Platform Enterprise Edition 7 (Java EE 7),No,15,Yes,Knowledge & Skills
https://www.shl.com/products/product-catalog/view/java-web-services-new/,Java Web Services (New),SHL Individual Assessment: Java Web Services (New),No,15,Yes,Knowledge & Skills
https://www.shl.com/products/product-catalog/view/javascript-new/,JavaScript (New),SHL Individual Assessment: JavaScript (New),No,15,Yes,Knowledge & Skills
https://www.shl.com/products/product-catalog/view/jenkins-new/,Jenkins (New),SHL Individual Assessment: Jenkins (New),No,15,Yes,Knowledge & Skills
https://www.shl.com/products/product-catalog/view/job-control-language-new/,Job Control Language (New),SHL Individual Assessment: Job Control Language (New),No,15,Yes,Knowledge & Skills
https://www.shl.com/products/product-catalog/view/jquery-new/,jQuery (New),SHL Individual Assessment: jQuery (New),No,15,Yes,Knowledge & Skills
https://www.shl.com/products/product-catalog/view/kubernetes-new/,Kubernetes (New),SHL Individual Assessment: Kubernetes (New),No,15,Yes,Knowledge & Skills
https://www.shl.com/products/product-catalog/view/linux-administration-new/,Linux Administration (New),SHL Individual Assessment: Linux Administration (New),No,15,Yes,Knowledge & Skills
https://www.shl.com/products/product-catalog/view/linux-operating-system/,Linux Operating System,SHL Individual Assessment: Linux Operating System,No,15,Yes,Knowledge & Skills
https://www.shl.com/products/product-catalog/view/linux-programming-general/,Linux Programming (General),SHL Individual Assessment: Linux Programming (General),No,15,Yes,Knowledge & Skills
https://www.shl.com/products/product-catalog/view/load-runner-new/,Load Runner (New),SHL Individual Assessment: Load Runner (New),No,15,Yes,Knowledge & Skills
https://www.shl.com/products/product-catalog/view/management-scenarios/,Management Scenarios,SHL Individual Assessment: Management Scenarios,No,15,Yes,Personality & Behaviour
https://www.shl.com/products/product-catalog/view/managerial-scenarios-candidate-report/,Managerial Scenarios Candidate Report,SHL Individual Assessment: Managerial Scenarios Candidate Report,No,15,Yes,Personality & Behaviour
https://www.shl.com/products/product-catalog/view/managerial-scenarios-narrative-report/,Managerial Scenarios Narrative Report,SHL Individual Assessment: Managerial Scenarios Narrative Report,No,15,Yes,Personality & Behaviour
https://www.shl.com/products/product-catalog/view/managerial-scenarios-profile-report/,Managerial Scenarios Profile Report,SHL Individual Assessment: Managerial Scenarios Profile Report,No,15,Yes,Personality & Behaviour
https://www.shl.com/products/product-catalog/view/manual-testing-new/,Manual Testing (New),SHL Individual Assessment: Manual Testing (New),No,15,Yes,Knowledge & Skills
https://www.shl.com/products/product-catalog/view/mechanical-and-vigilance-focus-8-0/,Manufac. & Indust. - Mechanical & Vigilance 8.0,SHL Individual Assessment: Manufac. & Indust. - Mechanical & Vigilance 8.0,No,15,Yes,Knowledge & Skills
https://www.shl.com/products/product-catalog/view/safety-and-dependability-focus-8-0/,Manufac. & Indust. - Safety & Dependability 8.0,SHL Individual Assessment: Manufac. & Indust. - Safety & Dependability 8.0,No,15,Yes,Personality & Behaviour
https://www.shl.com/products/product-catalog/view/essential-focus-8-0/,Manufacturing & Industrial - Essential Focus 8.0,SHL Individual Assessment: Manufacturing & Industrial - Essential Focus 8.0,No,15,Yes,Knowledge & Skills
https://www.shl.com/products/product-catalog/view/mechanical-focus-8-0/,Manufacturing & Industrial - Mechanical Focus 8.0,SHL Individual Assessment: Manufacturing & Industrial - Mechanical Focus 8.0,No,15,Yes,Knowledge & Skills
https://www.shl.com/products/product-catalog/view/vigilance-focus-8-0/,Manufacturing & Industrial - Vigilance Focus 8.0,SHL Individual Assessment: Manufacturing & Industrial - Vigilance Focus 8.0,No,15,Yes,Knowledge & Skills
https://www.shl.com/products/product-catalog/view/marketing-new/,Marketing (New),SHL Individual Assessment: Marketing (New),No,15,Yes,Knowledge & Skills
https://www.shl.com/products/product-catalog/view/maven-new/,Maven (New),SHL Individual Assessment: Maven (New),No,15,Yes,Knowledge & Skills
https://www.shl.com/products/product-catalog/view/mechanical-engineering-new/,Mechanical Engineering (New),SHL Individual Assessment: Mechanical Engineering (New),No,15,Yes,Knowledge & Skills
https://www.shl.com/products/product-catalog/view/mechatronics-engineering-new/,Mechatronics Engineering (New),SHL Individual Assessment: Mechatronics Engineering (New),No,15,Yes,Knowledge & Skills
https://www.shl.com/products/product-catalog/view/medical-terminology-new/,Medical Terminology (New),SHL Individual Assessment: Medical Terminology (New),No,15,Yes,Knowledge & Skills
https://www.shl.com/products/product-catalog/view/metallurgical-engineering-new/,Metallurgical Engineering (New),SHL Individual Assessment: Metallurgical Engineering (New),No,15,Yes,Knowledge & Skills
https://www.shl.com/products/product-catalog/view/mfs-360-enterprise-leadership-report/,MFS 360 Enterprise Leadership Report,SHL Individual Assessment: MFS 360 Enterprise Leadership Report,No,15,Yes,Personality & Behaviour
https://www.shl.com/products/product-catalog/view/mfs-360-ucf-group-report/,MFS 360 UCF Group Report,SHL Individual Assessment: MFS 360 UCF Group Report,No,15,Yes,Knowledge & Skills
https://www.shl.com/products/product-catalog/view/mfs-360-ucf-performance-potential-dev-tips-report/,MFS 360 UCF Performance Potential Dev Tips Report,SHL Individual Assessment: MFS 360 UCF Performance Potential Dev Tips Report,No,15,Yes,Knowledge & Skills
https://www.shl.com/products/product-catalog/view/mfs-360-ucf-standard-report/,MFS 360 UCF Standard Report,SHL Individual Assessment: MFS 360 UCF Standard Report,No,15,Yes,Knowledge & Skills
https://www.shl.com/products/product-catalog/view/micro-focus-unified-functional-testing-new/,Micro Focus Unified Functional Testing (New),SHL Individual Assessment: Micro Focus Unified Functional Testing (New),No,15,Yes,Knowledge & Skills
https://www.shl.com/products/product-catalog/view/microservices-new/,Microservices (New),SHL Individual Assessment: Microservices (New),No,15,Yes,Knowledge & Skills
https://www.shl.com/products/product-catalog/view/microsoft-dynamics-development-new/,Microsoft Dynamics Development (New),SHL Individual Assessment: Microsoft Dynamics Development (New),No,15,Yes,Knowledge & Skills
https://www.shl.com/products/product-catalog/view/microsoft-excel-365-essentials-new/,Microsoft Excel 365 - Essentials (New),SHL Individual Assessment: Microsoft Excel 365 - Essentials (New),No,15,Yes,Knowledge & Skills
https://www.shl.com/products/product-catalog/view/microsoft-excel-365-new/,Microsoft Excel 365 (New),SHL Individual Assessment: Microsoft Excel 365 (New),No,15,Yes,Knowledge & Skills
https://www.shl.com/products/product-catalog/view/microsoft-outlook-2013-adaptive/,Microsoft Outlook 2013 (adaptive),SHL Individual Assessment: Microsoft Outlook 2013 (adaptive),No,15,Yes,Knowledge & Skills
https://www.shl.com/products/product-catalog/view/microsoft-powerpoint-365-essentials-new/,Microsoft PowerPoint 365 - Essentials (New),SHL Individual Assessment: Microsoft PowerPoint 365 - Essentials (New),No,15,Yes,Knowledge & Skills
https://www.shl.com/products/product-catalog/view/microsoft-sql-server-2014-programming/,Microsoft SQL Server 2014 Programming,SHL Individual Assessment: Microsoft SQL Server 2014 Programming,No,15,Yes,Knowledge & Skills
https://www.shl.com/products/product-catalog/view/microsoft-windows-server-2012-administration/,Microsoft Windows Server 2012 Administration,SHL Individual Assessment: Microsoft Windows Server 2012 Administration,No,15,Yes,Knowledge & Skills
https://www.shl.com/products/product-catalog/view/microsoft-word-365-essentials-new/,Microsoft Word 365 - Essentials (New),SHL Individual Assessment: Microsoft Word 365 - Essentials (New),No,15,Yes,Knowledge & Skills
https://www.shl.com/products/product-catalog/view/microsoft-word-365-new/,Microsoft Word 365 (New),SHL Individual Assessment: Microsoft Word 365 (New),No,15,Yes,Knowledge & Skills
https://www.shl.com/products/product-catalog/view/mineral-engineering-new/,Mineral Engineering (New),SHL Individual Assessment: Mineral Engineering (New),No,15,Yes,Knowledge & Skills
https://www.shl.com/products/product-catalog/view/mining-engineering-new/,Mining Engineering (New),SHL Individual Assessment: Mining Engineering (New),No,15,Yes,Knowledge & Skills
https://www.shl.com/products/product-catalog/view/mobility-new/,Mobility (New),SHL Individual Assessment: Mobility (New),No,15,Yes,Knowledge & Skills
https://www.shl.com/products/product-catalog/view/molecular-biology-new/,Molecular Biology (New),SHL Individual Assessment: Molecular Biology (New),No,15,Yes,Knowledge & Skills
https://www.shl.com/products/product-catalog/view/mongodb-new/,MongoDB (New),SHL Individual Assessment: MongoDB (New),No,15,Yes,Knowledge & Skills
https://www.shl.com/products/product-catalog/view/motivation-questionnaire-mqm5/,Motivation Questionnaire MQM5,SHL Individual Assessment: Motivation Questionnaire MQM5,No,15,Yes,Personality & Behaviour
https://www.shl.com/products/product-catalog/view/mq-candidate-motivation-report/,MQ Candidate Motivation Report,SHL Individual Assessment: MQ Candidate Motivation Report,No,15,Yes,Personality & Behaviour
https://www.shl.com/products/product-catalog/view/mq-employee-motivation-report/,MQ Employee Motivation Report,SHL Individual Assessment: MQ Employee Motivation Report,No,15,Yes,Personality & Behaviour
https://www.shl.com/products/product-catalog/view/mq-motivation-report-pack/,MQ Motivation Report Pack,SHL Individual Assessment: MQ Motivation Report Pack,No,15,Yes,Personality & Behaviour
https://www.shl.com/products/product-catalog/view/mq-profile/,MQ Profile,SHL Individual Assessment: MQ Profile,No,15,Yes,Knowledge & Skills
https://www.shl.com/products/product-catalog/view/ms-access-new/,MS Access (New),SHL Individual Assessment: MS Access (New),No,15,Yes,Knowledge & Skills
https://www.shl.com/products/product-catalog/view/ms-excel-new/,MS Excel (New),SHL Individual Assessment: MS Excel (New),No,15,Yes,Knowledge & Skills
https://www.shl.com/products/product-catalog/view/ms-office-basic-computer-literacy-new/,MS Office Basic Computer Literacy (New),SHL Individual Assessment: MS Office Basic Computer Literacy (New),No,15,Yes,Knowledge & Skills
https://www.shl.com/products/product-catalog/view/ms-office-basic-computer-literacy-sim-new/,MS Office Basic Computer Literacy (Sim) (New),SHL Individual Assessment: MS Office Basic Computer Literacy (Sim) (New),No,15,Yes,Knowledge & Skills
https://www.shl.com/products/product-catalog/view/ms-powerpoint-new/,MS PowerPoint (New),SHL Individual Assessment: MS PowerPoint (New),No,15,Yes,Knowledge & Skills
https://www.shl.com/products/product-catalog/view/ms-word-new/,MS Word (New),SHL Individual Assessment: MS Word (New),No,15,Yes,Knowledge & Skills
https://www.shl.com/products/product-catalog/view/mulesoft-development-new/,MuleSoft Development (New),SHL Individual Assessment: MuleSoft Development (New),No,15,Yes,Knowledge & Skills
https://www.shl.com/products/product-catalog/view/multitasking-ability/,Multitasking Ability,SHL Individual Assessment: Multitasking Ability,No,15,Yes,Knowledge & Skills
https://www.shl.com/products/product-catalog/view/networking-and-implementation-new/,Networking and Implementation (New),SHL Individual Assessment: Networking and Implementation (New),No,15,Yes,Knowledge & Skills
https://www.shl.com/products/product-catalog/view/node-js-new/,Node.js (New),SHL Individual Assessment: Node.js (New),No,15,Yes,Knowledge & Skills
https://www.shl.com/products/product-catalog/view/nursing-new/,Nursing (New),SHL Individual Assessment: Nursing (New),No,15,Yes,Knowledge & Skills
https://www.shl.com/products/product-catalog/view/occupational-personality-questionnaire-opq32r/,Occupational Personality Questionnaire OPQ32r,SHL Individual Assessment: Occupational Personality Questionnaire OPQ32r,No,15,Yes,Personality & Behaviour
https://www.shl.com/products/product-catalog/view/operations-management-new/,Operations Management (New),SHL Individual Assessment: Operations Management (New),No,15,Yes,Personality & Behaviour
https://www.shl.com/products/product-catalog/view/opq-candidate-plus-report/,OPQ Candidate Plus Report,SHL Individual Assessment: OPQ Candidate Plus Report,No,15,Yes,Personality & Behaviour
https://www.shl.com/products/product-catalog/view/opq-candidate-report-2-0/,OPQ Candidate Report 2.0,SHL Individual Assessment: OPQ Candidate Report 2.0,No,15,Yes,Personality & Behaviour
https://www.shl.com/products/product-catalog/view/opq-emotional-intelligence-report/,OPQ Emotional Intelligence Report,SHL Individual Assessment: OPQ Emotional Intelligence Report,No,15,Yes,Personality & Behaviour
https://www.shl.com/products/product-catalog/view/opq-leadership-report/,OPQ Leadership Report,SHL Individual Assessment: OPQ Leadership Report,No,15,Yes,Personality & Behaviour
https://www.shl.com/products/product-catalog/view/opq-manager-plus-report/,OPQ Manager Plus Report,SHL Individual Assessment: OPQ Manager Plus Report,No,15,Yes,Personality & Behaviour
https://www.shl.com/products/product-catalog/view/opq-manager-plus-report-2-0/,OPQ Manager Plus Report 2.0,SHL Individual Assessment: OPQ Manager Plus Report 2.0,No,15,Yes,Personality & Behaviour
https://www.shl.com/products/product-catalog/view/opq-maximising-your-learning-report/,OPQ Maximising your Learning Report,SHL Individual Assessment: OPQ Maximising your Learning Report,No,15,Yes,Personality & Behaviour
https://www.shl.com/products/product-catalog/view/opq-mq-sales-report/,OPQ MQ Sales Report,SHL Individual Assessment: OPQ MQ Sales Report,No,15,Yes,Personality & Behaviour
https://www.shl.com/products/product-catalog/view/opq-premium-plus-report/,OPQ Premium Plus Report,SHL Individual Assessment: OPQ Premium Plus Report,No,15,Yes,Personality & Behaviour
https://www.shl.com/products/product-catalog/view/opq-premium-plus-report-2-0/,OPQ Premium Plus Report 2.0,SHL Individual Assessment: OPQ Premium Plus Report 2.0,No,15,Yes,Personality & Behaviour
https://www.shl.com/products/product-catalog/view/opq-profile-report/,OPQ Profile Report,SHL Individual Assessment: OPQ Profile Report,No,15,Yes,Personality & Behaviour
https://www.shl.com/products/product-catalog/view/opq-team-impact-group-development-report/,OPQ Team Impact Group Development Report,SHL Individual Assessment: OPQ Team Impact Group Development Report,No,15,Yes,Knowledge & Skills
https://www.shl.com/products/product-catalog/view/opq-team-impact-individual-development-report/,OPQ Team Impact Individual Development Report,SHL Individual Assessment: OPQ Team Impact Individual Development Report,No,15,Yes,Knowledge & Skills
https://www.shl.com/products/product-catalog/view/opq-team-impact-selection-report/,OPQ Team Impact Selection Report,SHL Individual Assessment: OPQ Team Impact Selection Report,No,15,Yes,Personality & Behaviour
https://www.shl.com/products/product-catalog/view/opq-team-types-and-leadership-styles-profile/,OPQ Team Types & Leadership Styles Profile,SHL Individual Assessment: OPQ Team Types & Leadership Styles Profile,No,15,Yes,Personality & Behaviour
https://www.shl.com/products/product-catalog/view/opq-team-types-and-leadership-styles-report/,OPQ Team Types and Leadership Styles Report,SHL Individual Assessment: OPQ Team Types and Leadership Styles Report,No,15,Yes,Personality & Behaviour
https://www.shl.com/products/product-catalog/view/opq-ucf-development-action-planner-report/,OPQ UCF Development Action Planner Report 1.0,SHL Individual Assessment: OPQ UCF Development Action Planner Report 1.0,No,15,Yes,Knowledge & Skills
https://www.shl.com/products/product-catalog/view/opq-ucf-development-action-planner-report-2-0/,OPQ UCF Development Action Planner Report 2.0,SHL Individual Assessment: OPQ UCF Development Action Planner Report 2.0,No,15,Yes,Knowledge & Skills
https://www.shl.com/products/product-catalog/view/opq-universal-competency-report/,OPQ Universal Competency Report 1.0,SHL Individual Assessment: OPQ Universal Competency Report 1.0,No,15,Yes,Personality & Behaviour
https://www.shl.com/products/product-catalog/view/opq-universal-competency-report-2-0/,OPQ Universal Competency Report 2.0,SHL Individual Assessment: OPQ Universal Competency Report 2.0,No,15,Yes,Personality & Behaviour
https://www.shl.com/products/product-catalog/view/opq-user-and-managers-report/,OPQ User and Managers Report,SHL Individual Assessment: OPQ User and Managers Report,No,15,Yes,Personality & Behaviour
https://www.shl.com/products/product-catalog/view/opq-user-report/,OPQ User Report,SHL Individual Assessment: OPQ User Report,No,15,Yes,Personality & Behaviour
https://www.shl.com/products/product-catalog/view/oracle-dba-advanced-level-new/,Oracle DBA (Advanced Level) (New),SHL Individual Assessment: Oracle DBA (Advanced Level) (New),No,15,Yes,Knowledge & Skills
https://www.shl.com/products/product-catalog/view/oracle-dba-entry-level-new/,Oracle DBA (Entry Level) (New),SHL Individual Assessment: Oracle DBA (Entry Level) (New),No,15,Yes,Knowledge & Skills
https://www.shl.com/products/product-catalog/view/oracle-plsql-new/,Oracle PL/SQL (New),SHL Individual Assessment: Oracle PL/SQL (New),No,15,Yes,Knowledge & Skills
https://www.shl.com/products/product-catalog/view/oracle-weblogic-server-new/,Oracle WebLogic Server (New),SHL Individual Assessment: Oracle WebLogic Server (New),No,15,Yes,Knowledge & Skills
https://www.shl.com/products/product-catalog/view/organic-chemistry-new/,Organic Chemistry (New),SHL Individual Assessment: Organic Chemistry (New),No,15,Yes,Knowledge & Skills
https://www.shl.com/products/product-catalog/view/paint-technology-new/,Paint Technology (New),SHL Individual Assessment: Paint Technology (New),No,15,Yes,Knowledge & Skills
https://www.shl.com/products/product-catalog/view/pediatrics-new/,Pediatrics (New),SHL Individual Assessment: Pediatrics (New),No,15,Yes,Knowledge & Skills
https://www.shl.com/products/product-catalog/view/pega-development-new/,Pega Development (New),SHL Individual Assessment: Pega Development (New),No,15,Yes,Knowledge & Skills
https://www.shl.com/products/product-catalog/view/perl-new/,Perl (New),SHL Individual Assessment: Perl (New),No,15,Yes,Knowledge & Skills
https://www.shl.com/products/product-catalog/view/petrochemical-engineering-new/,Petrochemical Engineering (New),SHL Individual Assessment: Petrochemical Engineering (New),No,15,Yes,Knowledge & Skills
https://www.shl.com/products/product-catalog/view/petroleum-engineering-new/,Petroleum Engineering (New),SHL Individual Assessment: Petroleum Engineering (New),No,15,Yes,Knowledge & Skills
https://www.shl.com/products/product-catalog/view/pharmaceutical-analysis-new/,Pharmaceutical Analysis (New),SHL Individual Assessment: Pharmaceutical Analysis (New),No,15,Yes,Knowledge & Skills
https://www.shl.com/products/product-catalog/view/pharmaceutical-chemistry-new/,Pharmaceutical Chemistry (New),SHL Individual Assessment: Pharmaceutical Chemistry (New),No,15,Yes,Knowledge & Skills
https://www.shl.com/products/product-catalog/view/pharmaceutical-science-new/,Pharmaceutical Science (New),SHL Individual Assessment: Pharmaceutical Science (New),No,15,Yes,Knowledge & Skills
https://www.shl.com/products/product-catalog/view/pharmaceutics-new/,Pharmaceutics (New),SHL Individual Assessment: Pharmaceutics (New),No,15,Yes,Knowledge & Skills
https://www.shl.com/products/product-catalog/view/pharmacology-new/,Pharmacology (New),SHL Individual Assessment: Pharmacology (New),No,15,Yes,Knowledge & Skills
https://www.shl.com/products/product-catalog/view/php-new/,PHP (New),SHL Individual Assessment: PHP (New),No,15,Yes,Knowledge & Skills
https://www.shl.com/products/product-catalog/view/pjm-development-report/,PJM Development Report,SHL Individual Assessment: PJM Development Report,No,15,Yes,Knowledge & Skills
https://www.shl.com/products/product-catalog/view/pjm-selection-report/,PJM Selection Report,SHL Individual Assessment: PJM Selection Report,No,15,Yes,Knowledge & Skills
https://www.shl.com/products/product-catalog/view/polymer-engineering-new/,Polymer Engineering (New),SHL Individual Assessment: Polymer Engineering (New),No,15,Yes,Knowledge & Skills
https://www.shl.com/products/product-catalog/view/power-electronics-and-drives-new/,Power Electronics and Drives (New),SHL Individual Assessment: Power Electronics and Drives (New),No,15,Yes,Knowledge & Skills
https://www.shl.com/products/product-catalog/view/power-system-engineering-new/,Power System Engineering (New),SHL Individual Assessment: Power System Engineering (New),No,15,Yes,Knowledge & Skills
https://www.shl.com/products/product-catalog/view/prism-new/,Prism (New),SHL Individual Assessment: Prism (New),No,15,Yes,Knowledge & Skills
https://www.shl.com/products/product-catalog/view/production-and-industrial-engineering-new/,Production and Industrial Engineering (New),SHL Individual Assessment: Production and Industrial Engineering (New),No,15,Yes,Knowledge & Skills
https://www.shl.com/products/product-catalog/view/production-engineering-new/,Production Engineering (New),SHL Individual Assessment: Production Engineering (New),No,15,Yes,Knowledge & Skills
https://www.shl.com/products/product-catalog/view/programming-concepts/,Programming Concepts,SHL Individual Assessment: Programming Concepts,No,15,Yes,Knowledge & Skills
https://www.shl.com/products/product-catalog/view/project-management-2013/,Project Management (2013),SHL Individual Assessment: Project Management (2013),No,15,Yes,Personality & Behaviour
https://www.shl.com/products/product-catalog/view/proofreading-v1/,Proofreading v1,SHL Individual Assessment: Proofreading v1,No,15,Yes,Knowledge & Skills
https://www.shl.com/products/product-catalog/view/python-new/,Python (New),SHL Individual Assessment: Python (New),No,15,Yes,Knowledge & Skills
https://www.shl.com/products/product-catalog/view/r-programming-new/,R Programming (New),SHL Individual Assessment: R Programming (New),No,15,Yes,Knowledge & Skills
https://www.shl.com/products/product-catalog/view/reactjs-new/,ReactJS (New),SHL Individual Assessment: ReactJS (New),No,15,Yes,Knowledge & Skills
https://www.shl.com/products/product-catalog/view/reading-comprehension-english-v1/,Reading Comprehension - English v1,SHL Individual Assessment: Reading Comprehension - English v1,No,15,Yes,Knowledge & Skills
https://www.shl.com/products/product-catalog/view/reading-comprehension-spanish-v1/,Reading Comprehension - Spanish v1,SHL Individual Assessment: Reading Comprehension - Spanish v1,No,15,Yes,Knowledge & Skills
https://www.shl.com/products/product-catalog/view/reading-comprehension-v2/,Reading Comprehension v2,SHL Individual Assessment: Reading Comprehension v2,No,15,Yes,Knowledge & Skills
https://www.shl.com/products/product-catalog/view/remoteworkq/,RemoteWorkQ,SHL Individual Assessment: RemoteWorkQ,No,15,Yes,Knowledge & Skills
https://www.shl.com/products/product-catalog/view/remoteworkq-manager-report/,RemoteWorkQ Manager Report,SHL Individual Assessment: RemoteWorkQ Manager Report,No,15,Yes,Knowledge & Skills
https://www.shl.com/products/product-catalog/view/remoteworkq-participant-report/,RemoteWorkQ Participant Report,SHL Individual Assessment: RemoteWorkQ Participant Report,No,15,Yes,Knowledge & Skills
https://www.shl.com/products/product-catalog/view/restful-web-services-new/,RESTful Web Services (New),SHL Individual Assessment: RESTful Web Services (New),No,15,Yes,Knowledge & Skills
https://www.shl.com/products/product-catalog/view/retail-sales-and-service-simulation/,Retail Sales and Service Simulation,SHL Individual Assessment: Retail Sales and Service Simulation,No,15,Yes,Personality & Behaviour
https://www.shl.com/products/product-catalog/view/reviewing-forms-us-r1/,Reviewing Forms - US (R1),SHL Individual Assessment: Reviewing Forms - US (R1),No,15,Yes,Knowledge & Skills
https://www.shl.com/products/product-catalog/view/ruby-new/,Ruby (New),SHL Individual Assessment: Ruby (New),No,15,Yes,Knowledge & Skills
https://www.shl.com/products/product-catalog/view/ruby-on-rails-new/,Ruby on Rails (New),SHL Individual Assessment: Ruby on Rails (New),No,15,Yes,Knowledge & Skills
https://www.shl.com/products/product-catalog/view/sales-and-service-phone-simulation/,Sales & Service Phone Simulation,SHL Individual Assessment: Sales & Service Phone Simulation,No,15,Yes,Personality & Behaviour
https://www.shl.com/products/product-catalog/view/sales-and-service-phone-solution/,Sales & Service Phone Solution,SHL Individual Assessment: Sales & Service Phone Solution,No,15,Yes,Personality & Behaviour
https://www.shl.com/products/product-catalog/view/sales-interview-guide/,Sales Interview Guide,SHL Individual Assessment: Sales Interview Guide,No,15,Yes,Personality & Behaviour
https://www.shl.com/products/product-catalog/view/sales-profiler-cards/,Sales Profiler Cards,SHL Individual Assessment: Sales Profiler Cards,No,15,Yes,Personality & Behaviour
https://www.shl.com/products/product-catalog/view/sales-transformation-report-individual-contributor/,Sales Transformation 1.0 - Individual Contributor,SHL Individual Assessment: Sales Transformation 1.0 - Individual Contributor,No,15,Yes,Personality & Behaviour
https://www.shl.com/products/product-catalog/view/salestransformationreport2-0-individualcontributor/,Sales Transformation 2.0 - Individual Contributor,SHL Individual Assessment: Sales Transformation 2.0 - Individual Contributor,No,15,Yes,Personality & Behaviour
https://www.shl.com/products/product-catalog/view/sales-transformation-report-sales-manager/,Sales Transformation Report 1.0 - Sales Manager,SHL Individual Assessment: Sales Transformation Report 1.0 - Sales Manager,No,15,Yes,Personality & Behaviour
https://www.shl.com/products/product-catalog/view/sales-transformation-report-2-0-sales-manager/,Sales Transformation Report 2.0 - Sales Manager,SHL Individual Assessment: Sales Transformation Report 2.0 - Sales Manager,No,15,Yes,Personality & Behaviour
https://www.shl.com/products/product-catalog/view/salesforce-development-new/,Salesforce Development (New),SHL Individual Assessment: Salesforce Development (New),No,15,Yes,Knowledge & Skills
https://www.shl.com/products/product-catalog/view/sap-abap-advanced-level-new/,SAP ABAP (Advanced Level) (New),SHL Individual Assessment: SAP ABAP (Advanced Level) (New),No,15,Yes,Knowledge & Skills
https://www.shl.com/products/product-catalog/view/sap-abap-intermediate-level-new/,SAP ABAP (Intermediate Level) (New),SHL Individual Assessment: SAP ABAP (Intermediate Level) (New),No,15,Yes,Knowledge & Skills
https://www.shl.com/products/product-catalog/view/sap-basis-new/,SAP Basis (New),SHL Individual Assessment: SAP Basis (New),No,15,Yes,Knowledge & Skills
https://www.shl.com/products/product-catalog/view/sap-business-objects-webi-new/,SAP Business Objects WebI (New),SHL Individual Assessment: SAP Business Objects WebI (New),No,15,Yes,Knowledge & Skills
https://www.shl.com/products/product-catalog/view/sap-bw-business-warehouse-new/,SAP BW (Business Warehouse) (New),SHL Individual Assessment: SAP BW (Business Warehouse) (New),No,15,Yes,Knowledge & Skills
https://www.shl.com/products/product-catalog/view/sap-hcm-human-capital-management-new/,SAP HCM (Human Capital Management) (New),SHL Individual Assessment: SAP HCM (Human Capital Management) (New),No,15,Yes,Personality & Behaviour
https://www.shl.com/products/product-catalog/view/sap-hybris-new/,SAP Hybris (New),SHL Individual Assessment: SAP Hybris (New),No,15,Yes,Knowledge & Skills
https://www.shl.com/products/product-catalog/view/sap-materials-management-new/,SAP Materials Management (New),SHL Individual Assessment: SAP Materials Management (New),No,15,Yes,Personality & Behaviour
https://www.shl.com/products/product-catalog/view/sap-sd-sales-and-distribution-new/,SAP SD (Sales and Distribution) (New),SHL Individual Assessment: SAP SD (Sales and Distribution) (New),No,15,Yes,Personality & Behaviour
https://www.shl.com/products/product-catalog/view/search-engine-optimization-new/,Search Engine Optimization (New),SHL Individual Assessment: Search Engine Optimization (New),No,15,Yes,Knowledge & Skills
https://www.shl.com/products/product-catalog/view/selenium-new/,Selenium (New),SHL Individual Assessment: Selenium (New),No,15,Yes,Knowledge & Skills
https://www.shl.com/products/product-catalog/view/shell-scripting-new/,Shell Scripting (New),SHL Individual Assessment: Shell Scripting (New),No,15,Yes,Knowledge & Skills
https://www.shl.com/products/product-catalog/view/shl-verify-interactive-inductive-reasoning/,SHL Verify Interactive - Inductive Reasoning,SHL Individual Assessment: SHL Verify Interactive - Inductive Reasoning,No,15,Yes,Knowledge & Skills
https://www.shl.com/products/product-catalog/view/shl-verify-interactive-deductive-reasoning/,SHL Verify Interactive – Deductive Reasoning,SHL Individual Assessment: SHL Verify Interactive – Deductive Reasoning,No,15,Yes,Knowledge & Skills
https://www.shl.com/products/product-catalog/view/shl-verify-interactive-numerical-reasoning/,SHL Verify Interactive – Numerical Reasoning,SHL Individual Assessment: SHL Verify Interactive – Numerical Reasoning,No,15,Yes,Knowledge & Skills
https://www.shl.com/products/product-catalog/view/shl-verify-interactive-g/,SHL Verify Interactive G+,SHL Individual Assessment: SHL Verify Interactive G+,No,15,Yes,Knowledge & Skills
https://www.shl.com/products/product-catalog/view/shl-verify-interactive-numerical-calculation/,SHL Verify Interactive Numerical Calculation,SHL Individual Assessment: SHL Verify Interactive Numerical Calculation,No,15,Yes,Knowledge & Skills
https://www.shl.com/products/product-catalog/view/siebel-development-new/,Siebel Development (New),SHL Individual Assessment: Siebel Development (New),No,15,Yes,Knowledge & Skills
https://www.shl.com/products/product-catalog/view/smart-interview-live/,Smart Interview Live,SHL Individual Assessment: Smart Interview Live,No,15,Yes,Knowledge & Skills
https://www.shl.com/products/product-catalog/view/smart-interview-live-coding/,Smart Interview Live Coding,SHL Individual Assessment: Smart Interview Live Coding,No,15,Yes,Knowledge & Skills
https://www.shl.com/products/product-catalog/view/smart-interview-on-demand/,Smart Interview On Demand,SHL Individual Assessment: Smart Interview On Demand,No,15,Yes,Knowledge & Skills
https://www.shl.com/products/product-catalog/view/social-media-new/,Social Media (New),SHL Individual Assessment: Social Media (New),No,15,Yes,Personality & Behaviour
https://www.shl.com/products/product-catalog/view/software-business-analysis/,Software Business Analysis,SHL Individual Assessment: Software Business Analysis,No,15,Yes,Knowledge & Skills
https://www.shl.com/products/product-catalog/view/sonarqube-new/,SonarQube (New),SHL Individual Assessment: SonarQube (New),No,15,Yes,Knowledge & Skills
https://www.shl.com/products/product-catalog/view/spelling-u-s-new/,Spelling (U.S.) (New),SHL Individual Assessment: Spelling (U.S.) (New),No,15,Yes,Knowledge & Skills
https://www.shl.com/products/product-catalog/view/split-screen-typing-test-form-1/,Split Screen Typing Test - Form 1,SHL Individual Assessment: Split Screen Typing Test - Form 1,No,15,Yes,Knowledge & Skills
https://www.shl.com/products/product-catalog/view/spring-new/,Spring (New),SHL Individual Assessment: Spring (New),No,15,Yes,Knowledge & Skills
https://www.shl.com/products/product-catalog/view/sql-new/,SQL (New),SHL Individual Assessment: SQL (New),No,15,Yes,Knowledge & Skills
https://www.shl.com/products/product-catalog/view/sql-server-new/,SQL Server (New),SHL Individual Assessment: SQL Server (New),No,15,Yes,Knowledge & Skills
https://www.shl.com/products/product-catalog/view/sql-server-analysis-services-%28ssas%29-%28new%29/,SQL Server Analysis Services (SSAS) (New),SHL Individual Assessment: SQL Server Analysis Services (SSAS) (New),No,15,Yes,Knowledge & Skills
https://www.shl.com/products/product-catalog/view/sql-server-integration-services-ssis-new/,SQL Server Integration Services (SSIS) (New),SHL Individual Assessment: SQL Server Integration Services (SSIS) (New),No,15,Yes,Knowledge & Skills
https://www.shl.com/products/product-catalog/view/sql-server-reporting-services-ssrs-new/,SQL Server Reporting Services (SSRS) (New),SHL Individual Assessment: SQL Server Reporting Services (SSRS) (New),No,15,Yes,Knowledge & Skills
https://www.shl.com/products/product-catalog/view/statistical-analysis-system-new/,Statistical Analysis System (New),SHL Individual Assessment: Statistical Analysis System (New),No,15,Yes,Knowledge & Skills
https://www.shl.com/products/product-catalog/view/struts-new/,Struts (New),SHL Individual Assessment: Struts (New),No,15,Yes,Knowledge & Skills
https://www.shl.com/products/product-catalog/view/svar-spoken-english-aus/,SVAR - Spoken English (AUS),SHL Individual Assessment: SVAR - Spoken English (AUS),No,15,Yes,Knowledge & Skills
https://www.shl.com/products/product-catalog/view/svar-spoken-english-indian-accent-new/,SVAR - Spoken English (Indian Accent) (New),SHL Individual Assessment: SVAR - Spoken English (Indian Accent) (New),No,15,Yes,Knowledge & Skills
https://www.shl.com/products/product-catalog/view/svar-spoken-english-u-k/,SVAR - Spoken English (U.K.),SHL Individual Assessment: SVAR - Spoken English (U.K.),No,15,Yes,Knowledge & Skills
https://www.shl.com/products/product-catalog/view/svar-spoken-english-us-new/,SVAR - Spoken English (US) (New),SHL Individual Assessment: SVAR - Spoken English (US) (New),No,15,Yes,Knowledge & Skills
https://www.shl.com/products/product-catalog/view/svar-spoken-french-canadian-new/,SVAR - Spoken French (Canadian) (New),SHL Individual Assessment: SVAR - Spoken French (Canadian) (New),No,15,Yes,Knowledge & Skills
https://www.shl.com/products/product-catalog/view/svar-spoken-french-european-new/,SVAR - Spoken French (European) (New),SHL Individual Assessment: SVAR - Spoken French (European) (New),No,15,Yes,Knowledge & Skills
https://www.shl.com/products/product-catalog/view/svar-spoken-spanish-castilian-new/,SVAR - Spoken Spanish (Castilian) (New),SHL Individual Assessment: SVAR - Spoken Spanish (Castilian) (New),No,15,Yes,Knowledge & Skills
https://www.shl.com/products/product-catalog/view/svar-spoken-spanish-north-american-new/,SVAR - Spoken Spanish (North American) (New),SHL Individual Assessment: SVAR - Spoken Spanish (North American) (New),No,15,Yes,Knowledge & Skills
https://www.shl.com/products/product-catalog/view/swing-new/,Swing (New),SHL Individual Assessment: Swing (New),No,15,Yes,Knowledge & Skills
https://www.shl.com/products/product-catalog/view/tableau-new/,Tableau (New),SHL Individual Assessment: Tableau (New),No,15,Yes,Knowledge & Skills
https://www.shl.com/products/product-catalog/view/telecommunications-engineering-new/,Telecommunications Engineering (New),SHL Individual Assessment: Telecommunications Engineering (New),No,15,Yes,Knowledge & Skills
https://www.shl.com/products/product-catalog/view/teradata-development-new/,Teradata Development (New),SHL Individual Assessment: Teradata Development (New),No,15,Yes,Knowledge & Skills
https://www.shl.com/products/product-catalog/view/time-management-u-s/,Time Management (U.S.),SHL Individual Assessment: Time Management (U.S.),No,15,Yes,Personality & Behaviour
https://www.shl.com/products/product-catalog/view/training-development/,Training Development,SHL Individual Assessment: Training Development,No,15,Yes,Knowledge & Skills
https://www.shl.com/products/product-catalog/view/typing-new/,Typing (New),SHL Individual Assessment: Typing (New),No,15,Yes,Knowledge & Skills
https://www.shl.com/products/product-catalog/view/uipath-rpa-development-new/,UiPath RPA Development (New),SHL Individual Assessment: UiPath RPA Development (New),No,15,Yes,Knowledge & Skills
https://www.shl.com/products/product-catalog/view/universal-competency-framework-interview-guide/,Universal Competency Framework Interview Guide,SHL Individual Assessment: Universal Competency Framework Interview Guide,No,15,Yes,Personality & Behaviour
https://www.shl.com/products/product-catalog/view/universal-competency-framework-job-profiling-guide/,Universal Competency Framework Job profiling guide,SHL Individual Assessment: Universal Competency Framework Job profiling guide,No,15,Yes,Personality & Behaviour
https://www.shl.com/products/product-catalog/view/universal-competency-framework-profiler-cards-44/,Universal Competency Framework Profiler Cards (44),SHL Individual Assessment: Universal Competency Framework Profiler Cards (44),No,15,Yes,Personality & Behaviour
https://www.shl.com/products/product-catalog/view/unix-new/,UNIX (New),SHL Individual Assessment: UNIX (New),No,15,Yes,Knowledge & Skills
https://www.shl.com/products/product-catalog/view/vb-net-new/,VB.NET (New),SHL Individual Assessment: VB.NET (New),No,15,Yes,Knowledge & Skills
https://www.shl.com/products/product-catalog/view/verify-deductive-reasoning/,Verify - Deductive Reasoning,SHL Individual Assessment: Verify - Deductive Reasoning,No,15,Yes,Knowledge & Skills
https://www.shl.com/products/product-catalog/view/verify-following-instructions/,Verify - Following Instructions,SHL Individual Assessment: Verify - Following Instructions,No,15,Yes,Knowledge & Skills
https://www.shl.com/products/product-catalog/view/verify-g/,Verify - G+,SHL Individual Assessment: Verify - G+,No,15,Yes,Knowledge & Skills
https://www.shl.com/products/product-catalog/view/verify-general-ability-screen/,Verify - General Ability Screen,SHL Individual Assessment: Verify - General Ability Screen,No,15,Yes,Knowledge & Skills
https://www.shl.com/products/product-catalog/view/verify-inductive-reasoning-2014/,Verify - Inductive Reasoning (2014),SHL Individual Assessment: Verify - Inductive Reasoning (2014),No,15,Yes,Knowledge & Skills
https://www.shl.com/products/product-catalog/view/verify-numerical-ability/,Verify - Numerical Ability,SHL Individual Assessment: Verify - Numerical Ability,No,15,Yes,Knowledge & Skills
https://www.shl.com/products/product-catalog/view/verify-technical-checking-next-generation/,Verify - Technical Checking - Next Generation,SHL Individual Assessment: Verify - Technical Checking - Next Generation,No,15,Yes,Knowledge & Skills
https://www.shl.com/products/product-catalog/view/verify-verbal-ability-next-generation/,Verify - Verbal Ability - Next Generation,SHL Individual Assessment: Verify - Verbal Ability - Next Generation,No,15,Yes,Knowledge & Skills
https://www.shl.com/products/product-catalog/view/verify-working-with-information/,Verify - Working with Information,SHL Individual Assessment: Verify - Working with Information,No,15,Yes,Knowledge & Skills
https://www.shl.com/products/product-catalog/view/verify-g-ability-test-report/,Verify G+ - Ability Test Report,SHL Individual Assessment: Verify G+ - Ability Test Report,No,15,Yes,Knowledge & Skills
https://www.shl.com/products/product-catalog/view/verify-g-candidate-report/,Verify G+ - Candidate Report,SHL Individual Assessment: Verify G+ - Candidate Report,No,15,Yes,Knowledge & Skills
https://www.shl.com/products/product-catalog/view/verify-interactive-ability-report/,Verify Interactive Ability Report,SHL Individual Assessment: Verify Interactive Ability Report,No,15,Yes,Knowledge & Skills
https://www.shl.com/products/product-catalog/view/verify-interactive-g-candidate-report/,Verify Interactive G+ Candidate Report,SHL Individual Assessment: Verify Interactive G+ Candidate Report,No,15,Yes,Knowledge & Skills
https://www.shl.com/products/product-catalog/view/verify-interactive-g-report/,Verify Interactive G+ Report,SHL Individual Assessment: Verify Interactive G+ Report,No,15,Yes,Knowledge & Skills
https://www.shl.com/products/product-catalog/view/verify-interactive-process-monitoring/,Verify Interactive Process Monitoring,SHL Individual Assessment: Verify Interactive Process Monitoring,No,15,Yes,Knowledge & Skills
https://www.shl.com/products/product-catalog/view/virtual-assessment-and-development-centers/,Virtual Assessment and Development Centers,SHL Individual Assessment: Virtual Assessment and Development Centers,No,15,Yes,Knowledge & Skills
https://www.shl.com/products/product-catalog/view/visual-basic-for-applications-new/,Visual Basic for Applications (New),SHL Individual Assessment: Visual Basic for Applications (New),No,15,Yes,Knowledge & Skills
https://www.shl.com/products/product-catalog/view/visual-comparison-uk/,Visual Comparison - UK,SHL Individual Assessment: Visual Comparison - UK,No,15,Yes,Knowledge & Skills
https://www.shl.com/products/product-catalog/view/visual-comparison-us/,Visual Comparison - US,SHL Individual Assessment: Visual Comparison - US,No,15,Yes,Knowledge & Skills
https://www.shl.com/products/product-catalog/view/vlsi-and-embedded-systems-new/,VLSI and Embedded Systems (New),SHL Individual Assessment: VLSI and Embedded Systems (New),No,15,Yes,Knowledge & Skills
https://www.shl.com/products/product-catalog/view/what-is-the-value-us/,What Is The Value - US,SHL Individual Assessment: What Is The Value - US,No,15,Yes,Knowledge & Skills
https://www.shl.com/products/product-catalog/view/workplace-administration-skills-new/,Workplace Administration Skills (New),SHL Individual Assessment: Workplace Administration Skills (New),No,15,Yes,Knowledge & Skills
https://www.shl.com/products/product-catalog/view/workplace-health-and-safety-new/,Workplace Health and Safety (New),SHL Individual Assessment: Workplace Health and Safety (New),No,15,Yes,Personality & Behaviour
https://www.shl.com/products/product-catalog/view/writex-email-writing-customer-service-new/,WriteX - Email Writing (Customer Service) (New),SHL Individual Assessment: WriteX - Email Writing (Customer Service) (New),No,15,Yes,Knowledge & Skills
https://www.shl.com/products/product-catalog/view/writex-email-writing-managerial-new/,WriteX - Email Writing (Managerial) (New),SHL Individual Assessment: WriteX - Email Writing (Managerial) (New),No,15,Yes,Knowledge & Skills
https://www.shl.com/products/product-catalog/view/writex-email-writing-sales-new/,WriteX - Email Writing (Sales) (New),SHL Individual Assessment: WriteX - Email Writing (Sales) (New),No,15,Yes,Knowledge & Skills
https://www.shl.com/products/product-catalog/view/written-english-v1/,Written English v1,SHL Individual Assessment: Written English v1,No,15,Yes,Knowledge & Skills
https://www.shl.com/products/product-catalog/view/written-spanish/,Written Spanish,SHL Individual Assessment: Written Spanish,No,15,Yes,Knowledge & Skills
https://www.shl.com/products/product-catalog/view/zabbix-new/,Zabbix (New),SHL Individual Assessment: Zabbix (New),No,15,Yes,Knowledge & Skills
https://www.shl.com/products/product-catalog/view/360-digital-report/,360 Digital Report,SHL Individual Assessment: 360 Digital Report,No,15,Yes,Knowledge & Skills
https://www.shl.com/products/product-catalog/view/360-multi-rater-feedback-system-mfs/,360° Multi-Rater Feedback System (MFS),SHL Individual Assessment: 360° Multi-Rater Feedback System (MFS),No,15,Yes,Knowledge & Skills
